dataset,method,model,paper_mean,paper_std,ours_mean,ours_std,n_runs,status,scoring,note
GSM8K,CoT,Llama-3.1-8B-Instruct,83.96,0.33,83.97,0.34,10,EXACT,git,
GSM8K,Freeform,Llama-3.1-8B-Instruct,81.63,0.72,81.63,0.72,10,EXACT,git,
GSM8K,SuperCorrect,Llama-3.1-8B-Instruct,82.42,0.46,82.42,0.46,10,EXACT,git,
GSM8K,DCoT,Llama-3.1-8B-Instruct,81.86,0.64,81.87,0.64,10,EXACT,own,
GSM8K,SGFT,Llama-3.1-8B-Instruct,77.94,0.69,77.94,0.69,10,EXACT,git,
GSM8K,RPB,Llama-3.1-8B-Instruct,85.41,0.49,85.41,0.49,10,EXACT,git,
AQUA,CoT,Llama-3.1-8B-Instruct,64.02,0.77,64.02,0.77,10,EXACT,git,
AQUA,Freeform,Llama-3.1-8B-Instruct,60.39,1.61,60.39,1.61,10,EXACT,git,
AQUA,SuperCorrect,Llama-3.1-8B-Instruct,59.45,2.59,59.45,2.59,10,EXACT,git,
AQUA,DCoT,Llama-3.1-8B-Instruct,61.81,2.43,61.81,2.43,10,EXACT,own,
AQUA,SGFT,Llama-3.1-8B-Instruct,60.16,2.67,60.16,2.68,10,EXACT,own,
AQUA,RPB,Llama-3.1-8B-Instruct,67.52,1.59,67.52,1.59,10,EXACT,git,
StrategyQA,CoT,Llama-3.1-8B-Instruct,73.32,1.31,73.32,1.31,10,EXACT,git,
StrategyQA,Freeform,Llama-3.1-8B-Instruct,72.27,1.27,72.27,1.27,10,EXACT,git,
StrategyQA,DCoT,Llama-3.1-8B-Instruct,72.53,1.81,72.53,1.81,10,EXACT,git,
StrategyQA,SGFT,Llama-3.1-8B-Instruct,70.31,1.29,70.31,0.0,10,INCLUDED_PAPER_MISMATCH,git,"released files complete and byte-identical, so std=0; mean matches; paper std 1.29 records original-run variability not recovered by these released files"
StrategyQA,RPB,Llama-3.1-8B-Instruct,74.15,1.49,74.15,1.5,10,EXACT,git,
AI2ARC,CoT,Llama-3.1-8B-Instruct,87.92,0.29,87.92,0.29,10,EXACT,git,
AI2ARC,Freeform,Llama-3.1-8B-Instruct,92.41,0.34,92.41,0.34,10,EXACT,git,
AI2ARC,DCoT,Llama-3.1-8B-Instruct,80.78,12.38,80.78,12.38,10,EXACT,git,
AI2ARC,SGFT,Llama-3.1-8B-Instruct,86.71,0.76,86.71,0.76,10,EXACT,git,
AI2ARC,RPB,Llama-3.1-8B-Instruct,92.92,0.34,92.92,0.34,10,EXACT,git,
MATH,CoT,Llama-3.1-8B-Instruct,41.57,0.35,41.57,0.35,10,EXACT,git,
MATH,Freeform,Llama-3.1-8B-Instruct,41.68,0.18,41.68,0.18,10,EXACT,git,
MATH,SuperCorrect,Llama-3.1-8B-Instruct,36.62,0.46,36.62,0.46,10,EXACT,git,
MATH,DCoT,Llama-3.1-8B-Instruct,45.23,0.53,45.23,0.53,10,EXACT,git,
MATH,SGFT,Llama-3.1-8B-Instruct,36.15,0.43,36.15,0.43,10,EXACT,git,
MATH,RPB,Llama-3.1-8B-Instruct,48.76,0.45,48.76,0.45,10,EXACT,git,
GSM8K,CoT,Qwen3-1.7B,77.92,0.29,77.92,0.29,10,EXACT,git,
GSM8K,Freeform,Qwen3-1.7B,73.38,0.68,73.38,0.68,10,EXACT,git,
GSM8K,SuperCorrect,Qwen3-1.7B,76.44,0.58,75.88,0.91,10,INCLUDED_PAPER_MISMATCH,git,complete released files (10x1319 rows) give 75.88+-0.91; paper reports original-run statistics 76.44+-0.58; see README for cluster-cleanup and replacement-run provenance
GSM8K,DCoT,Qwen3-1.7B,73.99,0.69,73.99,0.69,10,EXACT,git,
GSM8K,SGFT,Qwen3-1.7B,65.44,0.59,65.44,0.59,10,EXACT,git,
GSM8K,RPB,Qwen3-1.7B,78.29,0.95,78.29,0.95,10,EXACT,git,
AQUA,CoT,Qwen3-1.7B,59.92,0.89,59.92,0.89,10,EXACT,git,
AQUA,Freeform,Qwen3-1.7B,62.99,0.83,62.99,0.83,10,EXACT,git,
AQUA,SuperCorrect,Qwen3-1.7B,63.78,2.59,63.78,2.59,10,EXACT,git,
AQUA,DCoT,Qwen3-1.7B,59.65,1.37,59.65,1.37,10,EXACT,git,
AQUA,SGFT,Qwen3-1.7B,49.06,10.6,49.06,10.6,10,EXACT,git,
AQUA,RPB,Qwen3-1.7B,74.76,1.84,74.76,1.84,10,EXACT,git,
StrategyQA,CoT,Qwen3-1.7B,61.92,0.92,61.92,0.92,10,EXACT,git,
StrategyQA,Freeform,Qwen3-1.7B,61.75,2.29,61.75,2.29,10,EXACT,git,
StrategyQA,DCoT,Qwen3-1.7B,66.16,1.39,66.16,1.38,10,EXACT,git,
StrategyQA,SGFT,Qwen3-1.7B,60.26,2.78,60.26,0.0,10,INCLUDED_PAPER_MISMATCH,git,"released files complete and byte-identical, so std=0; mean matches; paper std 2.78 records original-run variability not recovered by these released files"
StrategyQA,RPB,Qwen3-1.7B,64.59,2.46,64.59,2.46,10,EXACT,git,
AI2ARC,CoT,Qwen3-1.7B,88.78,0.4,84.9,0.48,10,NOT_INCLUDED,git,not included (AI2ARC not needed); on-disk 10 runs give 84.90+-0.48
AI2ARC,Freeform,Qwen3-1.7B,88.7,0.3,88.7,0.3,10,EXACT,git,
AI2ARC,DCoT,Qwen3-1.7B,85.74,2.9,85.74,2.9,10,EXACT,git,
AI2ARC,SGFT,Qwen3-1.7B,75.99,0.18,75.99,0.18,10,EXACT,git,
AI2ARC,RPB,Qwen3-1.7B,88.82,0.54,88.82,0.54,10,EXACT,git,
MATH,CoT,Qwen3-1.7B,49.21,0.4,49.21,0.4,10,EXACT,git,
MATH,Freeform,Qwen3-1.7B,48.09,0.26,48.09,0.26,10,EXACT,git,
MATH,SuperCorrect,Qwen3-1.7B,42.82,0.36,42.82,0.36,10,EXACT,git,
MATH,DCoT,Qwen3-1.7B,54.91,0.34,54.91,0.34,10,EXACT,git,
MATH,SGFT,Qwen3-1.7B,29.44,0.29,29.44,0.29,10,EXACT,git,
MATH,RPB,Qwen3-1.7B,59.72,0.39,59.72,0.39,10,EXACT,git,
