path,rows,md5,source
data/GSM8K/train.jsonl,7473,a3a079b998bb13fa3aa9fc479e1e6dd0,data/GSM8K/train.jsonl
data/GSM8K/test.jsonl,1319,daf6934f0a917daf724a741fb2fb0845,data/GSM8K/test.jsonl
data/AQUA/gsm8k_format_test.jsonl,254,8bce65e8068425628fe6a3ce8436bf90,data/AQUA/gsm8k_format_test.jsonl
data/StrategyQA/train.json,2061,117fd42649dbe36a18ebba2c7ca2138c,data/StrategyQA/train.json
data/StrategyQA/dev.json,229,cda32ac1076649f5194aa1b011f3c01a,data/StrategyQA/dev.json
data/StrategyQA/dev_gsm8k_format.jsonl,229,b568469725651f837941b1ec62551e48,data/StrategyQA/dev_gsm8k_format.jsonl
data/AI2ARC/gsm8k_format_train.jsonl,6230,aae00e0473e3a12e886876528e1107c0,data/AI2ARC/gsm8k_format_train.jsonl
data/AI2ARC/gsm8k_format_test.jsonl,1557,9012a2d607acc60e16bae1a5213fd6ff,data/AI2ARC/gsm8k_format_test.jsonl
data/MATH/gsm8k_format_train_10000.jsonl,10000,0255e77718a590e6a041d36a0b6ee02e,data/MATH/gsm8k_format_train_10000.jsonl
data/MATH/gsm8k_format_test_5000.jsonl,5000,9bfda0ec3e7fced514dcffa8d4df63b7,data/MATH/gsm8k_format_test_5000.jsonl
data/GSM8K/teacher/rpb_second_round.json.gz,7473,9863c72fd2572409d3f3314d5aadb56e,data/GSM8K/RPB/RPB_second_round_results.json
data/GSM8K/teacher/cot.jsonl.gz,7473,5700fbe8fd51451ea628808b150d5afd,data/GSM8K/CoT/results_cot.jsonl
data/GSM8K/teacher/freeform.jsonl.gz,7473,0059e6bba3530faba74d0e53f3831c98,data/GSM8K/Freeform/results_freeform.jsonl
data/GSM8K/teacher/super_correct.jsonl.gz,7473,9ada743b2efcf802e73d9a60729efb6f,data/GSM8K/Super_Correct/results_super_correct.jsonl
data/AQUA/teacher/rpb_second_round.json.gz,10000,1f94df24d16bcfe59f67faa2494b259b,data/AQUA/RPB/AQUA_second_round_results.json
data/AQUA/teacher/cot.jsonl.gz,10000,7e1dc0626ed6056f3fcc643908ce27f5,data/AQUA/COT/results_cot.jsonl
data/AQUA/teacher/freeform.jsonl.gz,10000,3277c195cf1598a9873bd34ce1245bc0,data/AQUA/Freeform/results_freeform.jsonl
data/AQUA/teacher/super_correct.jsonl.gz,10000,509e6bb8f9133e14e753d995802b5b6c,data/AQUA/SuperCorrect/results_super_correct.jsonl
data/StrategyQA/teacher/rpb_second_round.json.gz,2061,e724a73556562df9da616733b5cb0996,data/StrategyQA/RPB/StrategyQA_second_round_results.json
data/StrategyQA/teacher/cot.jsonl.gz,2061,d6d5dc7d771c2d532c053218840f3b8c,data/StrategyQA/CoT/results_cot.jsonl
data/StrategyQA/teacher/freeform.jsonl.gz,2061,b46c1ea07ac5611d55d929c58099f9e4,data/StrategyQA/freeform/results_freeform.jsonl
data/AI2ARC/teacher/rpb_second_round.json.gz,6230,95a979b3e4bf47b772903e3ac39ba696,data/AI2ARC/RPB/RPB_second_round_results_train.json
data/AI2ARC/teacher/cot.jsonl.gz,6230,d69b2022677fc7feaf16bde2cb1b29b4,data/AI2ARC/CoT/results_cot.jsonl
data/AI2ARC/teacher/freeform.jsonl.gz,6230,a3fe305573f2c9cfcd278a891389034f,data/AI2ARC/Freeform/results_freeform.jsonl
data/MATH/teacher/rpb_second_round.json.gz,10000,d4c03cd88cf67bf2927fdf3f2cb77e9c,data/MATH/RPB/RPB_second_round_results_train.json
data/MATH/teacher/cot.jsonl.gz,10000,6c08dd5321b5b36c673811585ebe5c02,data/MATH/CoT/results_cot.jsonl
data/MATH/teacher/freeform.jsonl.gz,10000,17d55e6d643656f655dd4d0838a7b450,data/MATH/Freeform/results_freeform.jsonl
data/MATH/teacher/super_correct.jsonl.gz,10000,7b3225477ccd587b3715625267cea84e,data/MATH/SuperCorrect/results_super_correct.jsonl
data/MATH/teacher/sgft.jsonl.gz,10000,381536854c187598dcddeaebfe9e9ec9,data/MATH/SGFT/results_sgft.jsonl
supplementary/bank_ablation/data/MATH/empty.json.gz,10000,5a0e5c67b5d0b2b40a62d414fef221a9,data/MATH/RPB/MATH_emptypath.json
supplementary/bank_ablation/data/MATH/random.json.gz,10000,69f9b50e9d4a76563228db024acd0713,data/MATH/RPB/MATH_randompath.json
supplementary/bank_ablation/data/MATH/randglobal.json.gz,10000,8dce982db317e22765ec37a252f4cabe,data/MATH/RPB/RPB_second_round_results_train_RANDGLOBAL.json
supplementary/bank_ablation/data/MATH/filtered.json.gz,7482,bf99bc1ddb659b69cd9898acc158eae7,data/MATH/RPB/RPB_second_round_results_train_FILTERED.json
supplementary/bank_ablation/data/AQUA/empty.json.gz,10000,78c219ba148e54085ca62c71d91f9122,data/AQUA/RPB/AQUA_emptypath.json
supplementary/bank_ablation/data/AQUA/random.json.gz,10000,1ac0ae4427ac28328d3623e7bc70bbe8,data/AQUA/RPB/AQUA_randompath.json
supplementary/bank_ablation/data/AQUA/randglobal.json.gz,10000,eca330862d167ffc312c9822bc16621d,data/AQUA/RPB/AQUA_second_round_results_RANDGLOBAL.json
supplementary/bank_ablation/data/AQUA/filtered.json.gz,8827,a8ffcd4bbdb4096771ec5bf91dc04c62,data/AQUA/RPB/AQUA_second_round_results_FILTERED.json
baselines/sgft/data/sg_ai2arc.jsonl.gz,6230,db31e678a8c8462549e55c5a57154564,Baselines/SGFT/data/sg_ai2arc.jsonl
baselines/sgft/data/sg_aqua.jsonl.gz,10000,04220e14efa938023d6d26e73445a35c,Baselines/SGFT/data/sg_aqua.jsonl
baselines/sgft/data/sg_gpqa.jsonl.gz,437,c8a59c0d0efd3b365f87fc4fc8418154,Baselines/SGFT/data/sg_gpqa.jsonl
baselines/sgft/data/sg_gsm8k.jsonl.gz,7473,0d319efb953df649867e6adb872ed252,Baselines/SGFT/data/sg_gsm8k.jsonl
baselines/sgft/data/sg_strategyqa.jsonl.gz,2061,0b5477d06a345d00cbdc9c306c168c89,Baselines/SGFT/data/sg_strategyqa.jsonl
